ProteinName,FullPeptideName,SumFormula,transition_group_id,transition_name,RetentionTime,Annotation,PrecursorMz,MS1 Res,ProductMz,MS2 Res,Dwell,Fragmentor,Collision Energy,Cell Accelerator Voltage,LibraryIntensity,decoy,PeptideSequence,LabelType,PrecursorCharge,FragmentCharge,FragmentType,FragmentSeriesNumber,quantifying_transition,identifying_transition,detecting_transition
Ala_232,,C10H26ONSi2,Ala_232,Ala_232,177.7,,232,Unit,0,Unit,,,,,1,0,,Light,1,1,,1,TRUE,FALSE,TRUE
Ala_232,,C10H26ONSi2,Ala_232,Ala_233,177.7,,233,Unit,0,Unit,,,,,1,0,,Light,1,1,,1,TRUE,FALSE,TRUE
Ala_232,,C10H26ONSi2,Ala_232,Ala_234,177.7,,234,Unit,0,Unit,,,,,1,0,,Light,1,1,,1,TRUE,FALSE,TRUE
Ala_260,,C11H26O2NSi2,Ala_260,Ala_260,177.7,,260,Unit,0,Unit,,,,,1,0,,Light,1,1,,1,TRUE,FALSE,TRUE
Ala_260,,C11H26O2NSi2,Ala_260,Ala_261,177.7,,261,Unit,0,Unit,,,,,1,0,,Light,1,1,,1,TRUE,FALSE,TRUE
Ala_260,,C11H26O2NSi2,Ala_260,Ala_262,177.7,,262,Unit,0,Unit,,,,,1,0,,Light,1,1,,1,TRUE,FALSE,TRUE
Ala_260,,C11H26O2NSi2,Ala_260,Ala_263,177.7,,263,Unit,0,Unit,,,,,1,0,,Light,1,1,,1,TRUE,FALSE,TRUE
Gly_218,,C9H24ONSi2,Gly_218,Gly_218,185,,218,Unit,0,Unit,,,,,1,0,,Light,1,1,,1,TRUE,FALSE,TRUE
Gly_218,,C9H24ONSi2,Gly_218,Gly_219,185,,219,Unit,0,Unit,,,,,1,0,,Light,1,1,,1,TRUE,FALSE,TRUE
Gly_246,,C10H24O2NSi2 ,Gly_246,Gly_246,185,,246,Unit,0,Unit,,,,,1,0,,Light,1,1,,1,TRUE,FALSE,TRUE
Gly_246,,C10H24O2NSi2 ,Gly_246,Gly_247,185,,247,Unit,0,Unit,,,,,1,0,,Light,1,1,,1,TRUE,FALSE,TRUE
Gly_246,,C10H24O2NSi2 ,Gly_246,Gly_248,185,,248,Unit,0,Unit,,,,,1,0,,Light,1,1,,1,TRUE,FALSE,TRUE
Val_260,,C12H30ONSi2,Val_260,Val_260,212.8,,260,Unit,0,Unit,,,,,1,0,,Light,1,1,,1,TRUE,FALSE,TRUE
Val_260,,C12H30ONSi2,Val_260,Val_261,212.8,,261,Unit,0,Unit,,,,,1,0,,Light,1,1,,1,TRUE,FALSE,TRUE
Val_260,,C12H30ONSi2,Val_260,Val_262,212.8,,262,Unit,0,Unit,,,,,1,0,,Light,1,1,,1,TRUE,FALSE,TRUE
Val_260,,C12H30ONSi2,Val_260,Val_263,212.8,,263,Unit,0,Unit,,,,,1,0,,Light,1,1,,1,TRUE,FALSE,TRUE
Val_260,,C12H30ONSi2,Val_260,Val_264,212.8,,264,Unit,0,Unit,,,,,1,0,,Light,1,1,,1,TRUE,FALSE,TRUE
Val_288,,C13H30O2NSi2,Val_288,Val_288,212.8,,288,Unit,0,Unit,,,,,1,0,,Light,1,1,,1,TRUE,FALSE,TRUE
Val_288,,C13H30O2NSi2,Val_288,Val_289,212.8,,289,Unit,0,Unit,,,,,1,0,,Light,1,1,,1,TRUE,FALSE,TRUE
Val_288,,C13H30O2NSi2,Val_288,Val_290,212.8,,290,Unit,0,Unit,,,,,1,0,,Light,1,1,,1,TRUE,FALSE,TRUE
Val_288,,C13H30O2NSi2,Val_288,Val_291,212.8,,291,Unit,0,Unit,,,,,1,0,,Light,1,1,,1,TRUE,FALSE,TRUE
Val_288,,C13H30O2NSi2,Val_288,Val_292,212.8,,292,Unit,0,Unit,,,,,1,0,,Light,1,1,,1,TRUE,FALSE,TRUE
Val_288,,C13H30O2NSi2,Val_288,Val_293,212.8,,293,Unit,0,Unit,,,,,1,0,,Light,1,1,,1,TRUE,FALSE,TRUE
Leu_274,,C13H32ONSi2,Leu_274,Leu_274,225,,274,Unit,0,Unit,,,,,1,0,,Light,1,1,,1,TRUE,FALSE,TRUE
Leu_274,,C13H32ONSi2,Leu_274,Leu_275,225,,275,Unit,0,Unit,,,,,1,0,,Light,1,1,,1,TRUE,FALSE,TRUE
Leu_274,,C13H32ONSi2,Leu_274,Leu_276,225,,276,Unit,0,Unit,,,,,1,0,,Light,1,1,,1,TRUE,FALSE,TRUE
Leu_274,,C13H32ONSi2,Leu_274,Leu_277,225,,277,Unit,0,Unit,,,,,1,0,,Light,1,1,,1,TRUE,FALSE,TRUE
Leu_274,,C13H32ONSi2,Leu_274,Leu_278,225,,278,Unit,0,Unit,,,,,1,0,,Light,1,1,,1,TRUE,FALSE,TRUE
Leu_274,,C13H32ONSi2,Leu_274,Leu_279,225,,279,Unit,0,Unit,,,,,1,0,,Light,1,1,,1,TRUE,FALSE,TRUE
Ile_274,,C13H32ONSi2,Ile_274,Ile_274,235,,274,Unit,0,Unit,,,,,1,0,,Light,1,1,,1,TRUE,FALSE,TRUE
Ile_274,,C13H32ONSi2,Ile_274,Ile_275,235,,275,Unit,0,Unit,,,,,1,0,,Light,1,1,,1,TRUE,FALSE,TRUE
Ile_274,,C13H32ONSi2,Ile_274,Ile_276,235,,276,Unit,0,Unit,,,,,1,0,,Light,1,1,,1,TRUE,FALSE,TRUE
Ile_274,,C13H32ONSi2,Ile_274,Ile_277,235,,277,Unit,0,Unit,,,,,1,0,,Light,1,1,,1,TRUE,FALSE,TRUE
Ile_274,,C13H32ONSi2,Ile_274,Ile_278,235,,278,Unit,0,Unit,,,,,1,0,,Light,1,1,,1,TRUE,FALSE,TRUE
Ile_274,,C13H32ONSi2,Ile_274,Ile_279,235,,279,Unit,0,Unit,,,,,1,0,,Light,1,1,,1,TRUE,FALSE,TRUE
Pro_258,,C12H28ONSi2,Pro_258,Pro_258,250,,258,Unit,0,Unit,,,,,1,0,,Light,1,1,,1,TRUE,FALSE,TRUE
Pro_258,,C12H28ONSi2,Pro_258,Pro_259,250,,259,Unit,0,Unit,,,,,1,0,,Light,1,1,,1,TRUE,FALSE,TRUE
Pro_258,,C12H28ONSi2,Pro_258,Pro_260,250,,260,Unit,0,Unit,,,,,1,0,,Light,1,1,,1,TRUE,FALSE,TRUE
Pro_258,,C12H28ONSi2,Pro_258,Pro_261,250,,261,Unit,0,Unit,,,,,1,0,,Light,1,1,,1,TRUE,FALSE,TRUE
Pro_258,,C12H28ONSi2,Pro_258,Pro_262,250,,262,Unit,0,Unit,,,,,1,0,,Light,1,1,,1,TRUE,FALSE,TRUE
Ser_362,,C16H40O2NSi3,Ser_362,Ser_362,313,,362,Unit,0,Unit,,,,,1,0,,Light,1,1,,1,TRUE,FALSE,TRUE
Ser_362,,C16H40O2NSi3,Ser_362,Ser_363,313,,363,Unit,0,Unit,,,,,1,0,,Light,1,1,,1,TRUE,FALSE,TRUE
Ser_362,,C16H40O2NSi3,Ser_362,Ser_364,313,,364,Unit,0,Unit,,,,,1,0,,Light,1,1,,1,TRUE,FALSE,TRUE
Ser_390,,C17H40O3NSi3,Ser_390,Ser_390,313,,390,Unit,0,Unit,,,,,1,0,,Light,1,1,,1,TRUE,FALSE,TRUE
Ser_390,,C17H40O3NSi3,Ser_390,Ser_391,313,,391,Unit,0,Unit,,,,,1,0,,Light,1,1,,1,TRUE,FALSE,TRUE
Ser_390,,C17H40O3NSi3,Ser_390,Ser_392,313,,392,Unit,0,Unit,,,,,1,0,,Light,1,1,,1,TRUE,FALSE,TRUE
Ser_390,,C17H40O3NSi3,Ser_390,Ser_393,313,,393,Unit,0,Unit,,,,,1,0,,Light,1,1,,1,TRUE,FALSE,TRUE
Thr_376,,C17H42O2NSi3,Thr_376,Thr_376,322,,376,Unit,0,Unit,,,,,1,0,,Light,1,1,,1,TRUE,FALSE,TRUE
Thr_376,,C17H42O2NSi3,Thr_376,Thr_377,322,,377,Unit,0,Unit,,,,,1,0,,Light,1,1,,1,TRUE,FALSE,TRUE
Thr_376,,C17H42O2NSi3,Thr_376,Thr_378,322,,378,Unit,0,Unit,,,,,1,0,,Light,1,1,,1,TRUE,FALSE,TRUE
Thr_376,,C17H42O2NSi3,Thr_376,Thr_379,322,,379,Unit,0,Unit,,,,,1,0,,Light,1,1,,1,TRUE,FALSE,TRUE
Thr_404,,C18H42O3NSi3,Thr_404,Thr_404,322,,404,Unit,0,Unit,,,,,1,0,,Light,1,1,,1,TRUE,FALSE,TRUE
Thr_404,,C18H42O3NSi3,Thr_404,Thr_405,322,,405,Unit,0,Unit,,,,,1,0,,Light,1,1,,1,TRUE,FALSE,TRUE
Thr_404,,C18H42O3NSi3,Thr_404,Thr_406,322,,406,Unit,0,Unit,,,,,1,0,,Light,1,1,,1,TRUE,FALSE,TRUE
Thr_404,,C18H42O3NSi3,Thr_404,Thr_407,322,,407,Unit,0,Unit,,,,,1,0,,Light,1,1,,1,TRUE,FALSE,TRUE
Thr_404,,C18H42O3NSi3,Thr_404,Thr_408,322,,408,Unit,0,Unit,,,,,1,0,,Light,1,1,,1,TRUE,FALSE,TRUE
Phe_302,,C14H32O2NSi2,Phe_302,Phe_302,345.7,,302,Unit,0,Unit,,,,,1,0,,Light,1,1,,1,TRUE,FALSE,TRUE
Phe_302,,C14H32O2NSi2,Phe_302,Phe_303,345.7,,303,Unit,0,Unit,,,,,1,0,,Light,1,1,,1,TRUE,FALSE,TRUE
Phe_302,,C14H32O2NSi2,Phe_302,Phe_304,345.7,,304,Unit,0,Unit,,,,,1,0,,Light,1,1,,1,TRUE,FALSE,TRUE
Phe_308,,C16H30ONSi2,Phe_308,Phe_308,345.7,,308,Unit,0,Unit,,,,,1,0,,Light,1,1,,1,TRUE,FALSE,TRUE
Phe_308,,C16H30ONSi2,Phe_308,Phe_309,345.7,,309,Unit,0,Unit,,,,,1,0,,Light,1,1,,1,TRUE,FALSE,TRUE
Phe_308,,C16H30ONSi2,Phe_308,Phe_310,345.7,,310,Unit,0,Unit,,,,,1,0,,Light,1,1,,1,TRUE,FALSE,TRUE
Phe_308,,C16H30ONSi2,Phe_308,Phe_311,345.7,,311,Unit,0,Unit,,,,,1,0,,Light,1,1,,1,TRUE,FALSE,TRUE
Phe_308,,C16H30ONSi2,Phe_308,Phe_312,345.7,,312,Unit,0,Unit,,,,,1,0,,Light,1,1,,1,TRUE,FALSE,TRUE
Phe_308,,C16H30ONSi2,Phe_308,Phe_313,345.7,,313,Unit,0,Unit,,,,,1,0,,Light,1,1,,1,TRUE,FALSE,TRUE
Phe_308,,C16H30ONSi2,Phe_308,Phe_314,345.7,,314,Unit,0,Unit,,,,,1,0,,Light,1,1,,1,TRUE,FALSE,TRUE
Phe_308,,C16H30ONSi2,Phe_308,Phe_315,345.7,,315,Unit,0,Unit,,,,,1,0,,Light,1,1,,1,TRUE,FALSE,TRUE
Phe_308,,C16H30ONSi2,Phe_308,Phe_316,345.7,,316,Unit,0,Unit,,,,,1,0,,Light,1,1,,1,TRUE,FALSE,TRUE
Phe_336,,C17H30O2NSi2,Phe_336,Phe_336,345.7,,336,Unit,0,Unit,,,,,1,0,,Light,1,1,,1,TRUE,FALSE,TRUE
Phe_336,,C17H30O2NSi2,Phe_336,Phe_337,345.7,,337,Unit,0,Unit,,,,,1,0,,Light,1,1,,1,TRUE,FALSE,TRUE
Phe_336,,C17H30O2NSi2,Phe_336,Phe_338,345.7,,338,Unit,0,Unit,,,,,1,0,,Light,1,1,,1,TRUE,FALSE,TRUE
Phe_336,,C17H30O2NSi2,Phe_336,Phe_339,345.7,,339,Unit,0,Unit,,,,,1,0,,Light,1,1,,1,TRUE,FALSE,TRUE
Phe_336,,C17H30O2NSi2,Phe_336,Phe_340,345.7,,340,Unit,0,Unit,,,,,1,0,,Light,1,1,,1,TRUE,FALSE,TRUE
Phe_336,,C17H30O2NSi2,Phe_336,Phe_341,345.7,,341,Unit,0,Unit,,,,,1,0,,Light,1,1,,1,TRUE,FALSE,TRUE
Phe_336,,C17H30O2NSi2,Phe_336,Phe_342,345.7,,342,Unit,0,Unit,,,,,1,0,,Light,1,1,,1,TRUE,FALSE,TRUE
Phe_336,,C17H30O2NSi2,Phe_336,Phe_343,345.7,,343,Unit,0,Unit,,,,,1,0,,Light,1,1,,1,TRUE,FALSE,TRUE
Phe_336,,C17H30O2NSi2,Phe_336,Phe_344,345.7,,344,Unit,0,Unit,,,,,1,0,,Light,1,1,,1,TRUE,FALSE,TRUE
Phe_336,,C17H30O2NSi2,Phe_336,Phe_345,345.7,,345,Unit,0,Unit,,,,,1,0,,Light,1,1,,1,TRUE,FALSE,TRUE
Asp_302,,C14H32O2NSi2,Asp_302,Asp_302,361,,302,Unit,0,Unit,,,,,1,0,,Light,1,1,,1,TRUE,FALSE,TRUE
Asp_302,,C14H32O2NSi2,Asp_302,Asp_303,361,,303,Unit,0,Unit,,,,,1,0,,Light,1,1,,1,TRUE,FALSE,TRUE
Asp_302,,C14H32O2NSi2,Asp_302,Asp_304,361,,304,Unit,0,Unit,,,,,1,0,,Light,1,1,,1,TRUE,FALSE,TRUE
Asp_390,,C17H40O3NSi3,Asp_390,Asp_390,361,,390,Unit,0,Unit,,,,,1,0,,Light,1,1,,1,TRUE,FALSE,TRUE
Asp_390,,C17H40O3NSi3,Asp_390,Asp_391,361,,391,Unit,0,Unit,,,,,1,0,,Light,1,1,,1,TRUE,FALSE,TRUE
Asp_390,,C17H40O3NSi3,Asp_390,Asp_392,361,,392,Unit,0,Unit,,,,,1,0,,Light,1,1,,1,TRUE,FALSE,TRUE
Asp_390,,C17H40O3NSi3,Asp_390,Asp_393,361,,393,Unit,0,Unit,,,,,1,0,,Light,1,1,,1,TRUE,FALSE,TRUE
Asp_418,,C18H40O4NSi3,Asp_418,Asp_418,361,,418,Unit,0,Unit,,,,,1,0,,Light,1,1,,1,TRUE,FALSE,TRUE
Asp_418,,C18H40O4NSi3,Asp_418,Asp_419,361,,419,Unit,0,Unit,,,,,1,0,,Light,1,1,,1,TRUE,FALSE,TRUE
Asp_418,,C18H40O4NSi3,Asp_418,Asp_420,361,,420,Unit,0,Unit,,,,,1,0,,Light,1,1,,1,TRUE,FALSE,TRUE
Asp_418,,C18H40O4NSi3,Asp_418,Asp_421,361,,421,Unit,0,Unit,,,,,1,0,,Light,1,1,,1,TRUE,FALSE,TRUE
Asp_418,,C18H40O4NSi3,Asp_418,Asp_422,361,,422,Unit,0,Unit,,,,,1,0,,Light,1,1,,1,TRUE,FALSE,TRUE
Glu_330,,C16H36O2NSi2,Glu_330,Glu_330,394,,330,Unit,0,Unit,,,,,1,0,,Light,1,1,,1,TRUE,FALSE,TRUE
Glu_330,,C16H36O2NSi2,Glu_330,Glu_331,394,,331,Unit,0,Unit,,,,,1,0,,Light,1,1,,1,TRUE,FALSE,TRUE
Glu_330,,C16H36O2NSi2,Glu_330,Glu_332,394,,332,Unit,0,Unit,,,,,1,0,,Light,1,1,,1,TRUE,FALSE,TRUE
Glu_330,,C16H36O2NSi2,Glu_330,Glu_333,394,,333,Unit,0,Unit,,,,,1,0,,Light,1,1,,1,TRUE,FALSE,TRUE
Glu_330,,C16H36O2NSi2,Glu_330,Glu_334,394,,334,Unit,0,Unit,,,,,1,0,,Light,1,1,,1,TRUE,FALSE,TRUE
Glu_432,,C19H42O4NSi3,Glu_432,Glu_432,394,,432,Unit,0,Unit,,,,,1,0,,Light,1,1,,1,TRUE,FALSE,TRUE
Glu_432,,C19H42O4NSi3,Glu_432,Glu_433,394,,433,Unit,0,Unit,,,,,1,0,,Light,1,1,,1,TRUE,FALSE,TRUE
Glu_432,,C19H42O4NSi3,Glu_432,Glu_434,394,,434,Unit,0,Unit,,,,,1,0,,Light,1,1,,1,TRUE,FALSE,TRUE
Glu_432,,C19H42O4NSi3,Glu_432,Glu_435,394,,435,Unit,0,Unit,,,,,1,0,,Light,1,1,,1,TRUE,FALSE,TRUE
Glu_432,,C19H42O4NSi3,Glu_432,Glu_436,394,,436,Unit,0,Unit,,,,,1,0,,Light,1,1,,1,TRUE,FALSE,TRUE
Glu_432,,C19H42O4NSi3,Glu_432,Glu_437,394,,437,Unit,0,Unit,,,,,1,0,,Light,1,1,,1,TRUE,FALSE,TRUE
Lys_329,,C17H41N2Si2,Lys_329,Lys_329,422,,329,Unit,0,Unit,,,,,1,0,,Light,1,1,,1,TRUE,FALSE,TRUE
Lys_329,,C17H41N2Si2,Lys_329,Lys_330,422,,330,Unit,0,Unit,,,,,1,0,,Light,1,1,,1,TRUE,FALSE,TRUE
Lys_329,,C17H41N2Si2,Lys_329,Lys_331,422,,331,Unit,0,Unit,,,,,1,0,,Light,1,1,,1,TRUE,FALSE,TRUE
Lys_329,,C17H41N2Si2,Lys_329,Lys_332,422,,332,Unit,0,Unit,,,,,1,0,,Light,1,1,,1,TRUE,FALSE,TRUE
Lys_329,,C17H41N2Si2,Lys_329,Lys_333,422,,333,Unit,0,Unit,,,,,1,0,,Light,1,1,,1,TRUE,FALSE,TRUE
Lys_329,,C17H41N2Si2,Lys_329,Lys_334,422,,334,Unit,0,Unit,,,,,1,0,,Light,1,1,,1,TRUE,FALSE,TRUE
Lys_431,,C20H47O2N2Si3,Lys_431,Lys_431,422,,431,Unit,0,Unit,,,,,1,0,,Light,1,1,,1,TRUE,FALSE,TRUE
Lys_431,,C20H47O2N2Si3,Lys_431,Lys_432,422,,432,Unit,0,Unit,,,,,1,0,,Light,1,1,,1,TRUE,FALSE,TRUE
Lys_431,,C20H47O2N2Si3,Lys_431,Lys_433,422,,433,Unit,0,Unit,,,,,1,0,,Light,1,1,,1,TRUE,FALSE,TRUE
Lys_431,,C20H47O2N2Si3,Lys_431,Lys_434,422,,434,Unit,0,Unit,,,,,1,0,,Light,1,1,,1,TRUE,FALSE,TRUE
Lys_431,,C20H47O2N2Si3,Lys_431,Lys_435,422,,435,Unit,0,Unit,,,,,1,0,,Light,1,1,,1,TRUE,FALSE,TRUE
Lys_431,,C20H47O2N2Si3,Lys_431,Lys_436,422,,436,Unit,0,Unit,,,,,1,0,,Light,1,1,,1,TRUE,FALSE,TRUE
Lys_431,,C20H47O2N2Si3,Lys_431,Lys_437,422,,437,Unit,0,Unit,,,,,1,0,,Light,1,1,,1,TRUE,FALSE,TRUE
His_338,,C17H36N3Si2,His_338,His_338,474,,338,Unit,0,Unit,,,,,1,0,,Light,1,1,,1,TRUE,FALSE,TRUE
His_338,,C17H36N3Si2,His_338,His_339,474,,339,Unit,0,Unit,,,,,1,0,,Light,1,1,,1,TRUE,FALSE,TRUE
His_338,,C17H36N3Si2,His_338,His_340,474,,340,Unit,0,Unit,,,,,1,0,,Light,1,1,,1,TRUE,FALSE,TRUE
His_338,,C17H36N3Si2,His_338,His_341,474,,341,Unit,0,Unit,,,,,1,0,,Light,1,1,,1,TRUE,FALSE,TRUE
His_338,,C17H36N3Si2,His_338,His_342,474,,342,Unit,0,Unit,,,,,1,0,,Light,1,1,,1,TRUE,FALSE,TRUE
His_338,,C17H36N3Si2,His_338,His_343,474,,343,Unit,0,Unit,,,,,1,0,,Light,1,1,,1,TRUE,FALSE,TRUE
His_440,,C20H42O2N3Si3,His_440,His_440,474,,440,Unit,0,Unit,,,,,1,0,,Light,1,1,,1,TRUE,FALSE,TRUE
His_440,,C20H42O2N3Si3,His_440,His_441,474,,441,Unit,0,Unit,,,,,1,0,,Light,1,1,,1,TRUE,FALSE,TRUE
His_440,,C20H42O2N3Si3,His_440,His_442,474,,442,Unit,0,Unit,,,,,1,0,,Light,1,1,,1,TRUE,FALSE,TRUE
His_440,,C20H42O2N3Si3,His_440,His_443,474,,443,Unit,0,Unit,,,,,1,0,,Light,1,1,,1,TRUE,FALSE,TRUE
His_440,,C20H42O2N3Si3,His_440,His_444,474,,444,Unit,0,Unit,,,,,1,0,,Light,1,1,,1,TRUE,FALSE,TRUE
His_440,,C20H42O2N3Si3,His_440,His_445,474,,445,Unit,0,Unit,,,,,1,0,,Light,1,1,,1,TRUE,FALSE,TRUE
His_440,,C20H42O2N3Si3,His_440,His_446,474,,446,Unit,0,Unit,,,,,1,0,,Light,1,1,,1,TRUE,FALSE,TRUE
Tyr_302,,C14H32O2NSi2,Tyr_302,Tyr_302,485,,302,Unit,0,Unit,,,,,1,0,,Light,1,1,,1,TRUE,FALSE,TRUE
Tyr_302,,C14H32O2NSi2,Tyr_302,Tyr_303,485,,303,Unit,0,Unit,,,,,1,0,,Light,1,1,,1,TRUE,FALSE,TRUE
Tyr_302,,C14H32O2NSi2,Tyr_302,Tyr_304,485,,304,Unit,0,Unit,,,,,1,0,,Light,1,1,,1,TRUE,FALSE,TRUE
